{
  "manifest": {
    "publishingInformation": {
      "locales": {
        "en-GB": {
          "summary": "Automatically dispense spices (alpha)",
          "examplePhrases": [
            "Alexa, ask spice dispenser to dispense some spice",
            "Alexa, ask spice dispenser to dispense 2 teaspoons of cumin seeds",
            "Alexa, ask spice dispenser to dispense some peppercorn"
          ],
          "keywords": [
            "Automation",
            "spice",
            "dispenser",
            "grinder",
            "beta",
            "alpha"
          ],
          "name": "DispicerV3",
          "description": "Automatically dispense spices and grind them fresh using our Dispicer machine(alpha)",
          "smallIconUri": "file://assets/images/en-GB_smallIconUri.png",
          "updatesDescription": "version 1",
          "largeIconUri": "file://assets/images/en-GB_largeIconUri.png"
        }
      },
      "automaticDistribution": {
        "isActive": false
      },
      "isAvailableWorldwide": true,
      "testingInstructions": "You will need the Dispicer machine to use this skill. This skill allows voice operation for the spice dispenser",
      "category": "SMART_HOME",
      "distributionMode": "PUBLIC",
      "distributionCountries": []
    },
    "apis": {
      "custom": {
        "endpoint": {
          "sslCertificateType": "Wildcard",
          "uri": "https://b7c7-82-32-116-138.ngrok.io"
        },
        "interfaces": []
      }
    },
    "manifestVersion": "1.0",
    "privacyAndCompliance": {
      "allowsPurchases": false,
      "locales": {
        "en-GB": {
          "privacyPolicyUrl": "https://www.amazon.co.uk/gp/help/customer/display.html?nodeId\u003dGX7NJQ4ZB8MHFRNJ"
        }
      },
      "containsAds": false,
      "isExportCompliant": true,
      "isChildDirected": false,
      "usesPersonalInfo": false
    }
  }
}